[
{
  "model": "rai01ref.doctype",
  "fields": {
    "smRegStatus": null,
    "document": "Artefact",
    "smOwningTeam": 1,
    "smNaturalCode": "artefact-p-logique",
    "smWflowStatus": null,
    "smModifiedBy": 1,
    "smOwningUser": 1,
    "category": "Analyse",
    "dtype": "P. logique",
    "smModifiedOn": "2016-11-03T21:08:28.765Z",
    "description": "Documentation analyse de processus",
    "smCreatedBy": 1,
    "smUUID": "4b97ef31-f4d9-4d21-98d5-8bb57919cab4",
    "smCreatedOn": "2016-10-31T18:19:45.460Z",
    "notes": ""
  },
  "pk": 73
},
{
  "model": "rai01ref.doctype",
  "fields": {
    "smRegStatus": null,
    "document": "Artefact",
    "smOwningTeam": 1,
    "smNaturalCode": "artefact-procedure-operationnelle",
    "smWflowStatus": null,
    "smModifiedBy": 1,
    "smOwningUser": 1,
    "category": "Analyse",
    "dtype": "Proc\u00e9dure op\u00e9rationnelle",
    "smModifiedOn": "2016-11-03T02:48:39.436Z",
    "description": "Description de proc\u00e9dure op\u00e9rationnelle",
    "smCreatedBy": 1,
    "smUUID": "eff0f82f-5096-40b4-9c23-c238e712d1d5",
    "smCreatedOn": "2016-10-31T18:27:15.616Z",
    "notes": ""
  },
  "pk": 74
},
{
  "model": "rai01ref.doctype",
  "fields": {
    "smRegStatus": null,
    "document": "Capacity",
    "smOwningTeam": 1,
    "smNaturalCode": "capacity-service",
    "smWflowStatus": null,
    "smModifiedBy": 1,
    "smOwningUser": 1,
    "category": "",
    "dtype": "Service",
    "smModifiedOn": "2016-11-01T18:25:24.893Z",
    "description": "",
    "smCreatedBy": 1,
    "smUUID": "e363af8c-913e-40b8-9999-d0ee18f9d7b1",
    "smCreatedOn": "2016-11-01T18:25:24.893Z",
    "notes": ""
  },
  "pk": 75
},
{
  "model": "rai01ref.doctype",
  "fields": {
    "smRegStatus": null,
    "document": "Artefact",
    "smOwningTeam": 1,
    "smNaturalCode": "artefact-procedure-administrative",
    "smWflowStatus": null,
    "smModifiedBy": 1,
    "smOwningUser": 1,
    "category": "Analyse",
    "dtype": "Proc\u00e9dure administrative",
    "smModifiedOn": "2016-11-03T02:53:20.645Z",
    "description": "\u00c9tape de proc\u00e9dure op\u00e9rationnelle",
    "smCreatedBy": 1,
    "smUUID": "40d73014-9823-4963-8d90-bfc285729d0f",
    "smCreatedOn": "2016-11-01T18:33:33.963Z",
    "notes": ""
  },
  "pk": 77
},
{
  "model": "rai01ref.doctype",
  "fields": {
    "smRegStatus": null,
    "document": "Artefact",
    "smOwningTeam": 1,
    "smNaturalCode": "artefact-unite-de-traitement",
    "smWflowStatus": null,
    "smModifiedBy": 1,
    "smOwningUser": 1,
    "category": "Analyse",
    "dtype": "Unit\u00e9 de traitement",
    "smModifiedOn": "2016-11-01T18:35:11.281Z",
    "description": "",
    "smCreatedBy": 1,
    "smUUID": "43fd8a16-2c3b-4724-8483-e42c4e57e900",
    "smCreatedOn": "2016-11-01T18:35:11.281Z",
    "notes": ""
  },
  "pk": 78
},
{
  "model": "rai01ref.doctype",
  "fields": {
    "smRegStatus": null,
    "document": "Artefact",
    "smOwningTeam": 1,
    "smNaturalCode": "artefact-p-organisationnel",
    "smWflowStatus": null,
    "smModifiedBy": 1,
    "smOwningUser": 1,
    "category": "Cartographie",
    "dtype": "P. organisationnel",
    "smModifiedOn": "2016-11-03T21:08:49.379Z",
    "description": "Processus organisationnel",
    "smCreatedBy": 1,
    "smUUID": "ba4967ea-203c-41d7-8e8a-035a91896d6d",
    "smCreatedOn": "2016-11-03T13:08:51.013Z",
    "notes": ""
  },
  "pk": 79
},
{
  "model": "rai01ref.doctype",
  "fields": {
    "smRegStatus": null,
    "document": "Capacity",
    "smOwningTeam": 1,
    "smNaturalCode": "capacity-organigramme",
    "smWflowStatus": null,
    "smModifiedBy": 1,
    "smOwningUser": 1,
    "category": "Structure organisationnelle",
    "dtype": "Organigramme",
    "smModifiedOn": "2016-11-03T14:59:08.364Z",
    "description": "Composante Organigramme",
    "smCreatedBy": 1,
    "smUUID": "951bc3d9-1912-440b-81eb-bb00cbcadfdf",
    "smCreatedOn": "2016-11-03T14:59:08.364Z",
    "notes": ""
  },
  "pk": 80
},
{
  "model": "rai01ref.doctype",
  "fields": {
    "smRegStatus": null,
    "document": "Capacity",
    "smOwningTeam": 1,
    "smNaturalCode": "capacity-poste",
    "smWflowStatus": null,
    "smModifiedBy": 1,
    "smOwningUser": 1,
    "category": "Structure organisationnelle",
    "dtype": "Poste",
    "smModifiedOn": "2016-11-03T22:16:16.512Z",
    "description": "Poste de travail",
    "smCreatedBy": 1,
    "smUUID": "409ae1dd-a6d2-4e7c-9957-a612ca710691",
    "smCreatedOn": "2016-11-03T22:16:16.512Z",
    "notes": ""
  },
  "pk": 81
},
{
  "model": "rai01ref.docattribute",
  "fields": {
    "code": "R\u00e9dacteur",
    "prpDefault": "",
    "prpChoices": "",
    "smNaturalCode": "artefact-processus-redacteur",
    "smWflowStatus": null,
    "smOwningUser": 1,
    "description": "",
    "isRequired": false,
    "vType": "",
    "smCreatedBy": 1,
    "docType": 73,
    "isSensitive": false,
    "prpLength": 0,
    "smModifiedBy": 1,
    "smModifiedOn": "2016-10-31T18:21:35.761Z",
    "smRegStatus": null,
    "crudType": "",
    "smOwningTeam": 1,
    "smUUID": "2df81df2-9ae0-461c-9f8e-13bac4813f31",
    "baseType": "",
    "prpScale": 0,
    "smCreatedOn": "2016-10-31T18:21:35.761Z"
  },
  "pk": 33
},
{
  "model": "rai01ref.docattribute",
  "fields": {
    "code": "\u00c9tat",
    "prpDefault": "",
    "prpChoices": "",
    "smNaturalCode": "artefact-processus-etat",
    "smWflowStatus": null,
    "smOwningUser": 1,
    "description": "",
    "isRequired": false,
    "vType": "",
    "smCreatedBy": 1,
    "docType": 73,
    "isSensitive": false,
    "prpLength": 0,
    "smModifiedBy": 1,
    "smModifiedOn": "2016-10-31T18:22:00.230Z",
    "smRegStatus": null,
    "crudType": "",
    "smOwningTeam": 1,
    "smUUID": "efc481a4-4f68-45de-a30a-41f8b83fb09f",
    "baseType": "",
    "prpScale": 0,
    "smCreatedOn": "2016-10-31T18:21:47.508Z"
  },
  "pk": 34
},
{
  "model": "rai01ref.docattribute",
  "fields": {
    "code": "Version",
    "prpDefault": "",
    "prpChoices": "",
    "smNaturalCode": "artefact-processus-version",
    "smWflowStatus": null,
    "smOwningUser": 1,
    "description": "",
    "isRequired": false,
    "vType": "",
    "smCreatedBy": 1,
    "docType": 73,
    "isSensitive": false,
    "prpLength": 0,
    "smModifiedBy": 1,
    "smModifiedOn": "2016-10-31T18:22:26.541Z",
    "smRegStatus": null,
    "crudType": "",
    "smOwningTeam": 1,
    "smUUID": "932c8959-9aae-4390-ba30-57d85effc511",
    "baseType": "",
    "prpScale": 0,
    "smCreatedOn": "2016-10-31T18:22:26.541Z"
  },
  "pk": 35
},
{
  "model": "rai01ref.docattribute",
  "fields": {
    "code": "Date r\u00e9vision",
    "prpDefault": "",
    "prpChoices": "",
    "smNaturalCode": "artefact-processus-date-revision",
    "smWflowStatus": null,
    "smOwningUser": 1,
    "description": "",
    "isRequired": false,
    "vType": "",
    "smCreatedBy": 1,
    "docType": 73,
    "isSensitive": false,
    "prpLength": 0,
    "smModifiedBy": 1,
    "smModifiedOn": "2016-10-31T18:22:54.662Z",
    "smRegStatus": null,
    "crudType": "",
    "smOwningTeam": 1,
    "smUUID": "027eb4ce-860e-4b7f-bd55-a2b4d89cb5df",
    "baseType": "date",
    "prpScale": 0,
    "smCreatedOn": "2016-10-31T18:22:54.662Z"
  },
  "pk": 36
},
{
  "model": "rai01ref.docattribute",
  "fields": {
    "code": "Description sommaire",
    "prpDefault": "",
    "prpChoices": "",
    "smNaturalCode": "artefact-processus-description-sommaire",
    "smWflowStatus": null,
    "smOwningUser": 1,
    "description": "",
    "isRequired": false,
    "vType": "",
    "smCreatedBy": 1,
    "docType": 73,
    "isSensitive": false,
    "prpLength": 0,
    "smModifiedBy": 1,
    "smModifiedOn": "2016-10-31T18:23:31.790Z",
    "smRegStatus": null,
    "crudType": "",
    "smOwningTeam": 1,
    "smUUID": "a611d6d4-fa40-44ec-bf23-7340990356cf",
    "baseType": "text",
    "prpScale": 0,
    "smCreatedOn": "2016-10-31T18:23:31.790Z"
  },
  "pk": 37
},
{
  "model": "rai01ref.docattribute",
  "fields": {
    "code": "\u00c9v\u00e9nement d\u00e9clencheur",
    "prpDefault": "",
    "prpChoices": "",
    "smNaturalCode": "artefact-processus-evenement-declencheur",
    "smWflowStatus": null,
    "smOwningUser": 1,
    "description": "",
    "isRequired": false,
    "vType": "",
    "smCreatedBy": 1,
    "docType": 73,
    "isSensitive": false,
    "prpLength": 0,
    "smModifiedBy": 1,
    "smModifiedOn": "2016-10-31T18:23:55.897Z",
    "smRegStatus": null,
    "crudType": "",
    "smOwningTeam": 1,
    "smUUID": "b7efa093-f64b-4f77-a8fe-102eb4f95fcd",
    "baseType": "",
    "prpScale": 0,
    "smCreatedOn": "2016-10-31T18:23:55.897Z"
  },
  "pk": 38
},
{
  "model": "rai01ref.docattribute",
  "fields": {
    "code": "Volume",
    "prpDefault": "",
    "prpChoices": "",
    "smNaturalCode": "artefact-processus-volume",
    "smWflowStatus": null,
    "smOwningUser": 1,
    "description": "",
    "isRequired": false,
    "vType": "",
    "smCreatedBy": 1,
    "docType": 73,
    "isSensitive": false,
    "prpLength": 0,
    "smModifiedBy": 1,
    "smModifiedOn": "2016-10-31T18:24:21.008Z",
    "smRegStatus": null,
    "crudType": "",
    "smOwningTeam": 1,
    "smUUID": "e1fe3bee-a4f5-41d2-a8f6-ce6d01764114",
    "baseType": "text",
    "prpScale": 0,
    "smCreatedOn": "2016-10-31T18:24:21.008Z"
  },
  "pk": 39
},
{
  "model": "rai01ref.docattribute",
  "fields": {
    "code": "Type extrant",
    "prpDefault": "",
    "prpChoices": "",
    "smNaturalCode": "artefact-processus-type-extrant",
    "smWflowStatus": null,
    "smOwningUser": 1,
    "description": "",
    "isRequired": false,
    "vType": "",
    "smCreatedBy": 1,
    "docType": 73,
    "isSensitive": false,
    "prpLength": 0,
    "smModifiedBy": 1,
    "smModifiedOn": "2016-10-31T18:24:47.833Z",
    "smRegStatus": null,
    "crudType": "",
    "smOwningTeam": 1,
    "smUUID": "34a178f9-3afc-4ce1-a50e-7777399c7116",
    "baseType": "",
    "prpScale": 0,
    "smCreatedOn": "2016-10-31T18:24:47.833Z"
  },
  "pk": 40
},
{
  "model": "rai01ref.docattribute",
  "fields": {
    "code": "Caract\u00e9ristiques",
    "prpDefault": "",
    "prpChoices": "",
    "smNaturalCode": "artefact-processus-caracteristiques",
    "smWflowStatus": null,
    "smOwningUser": 1,
    "description": "",
    "isRequired": false,
    "vType": "",
    "smCreatedBy": 1,
    "docType": 73,
    "isSensitive": false,
    "prpLength": 0,
    "smModifiedBy": 1,
    "smModifiedOn": "2016-10-31T18:25:18.793Z",
    "smRegStatus": null,
    "crudType": "",
    "smOwningTeam": 1,
    "smUUID": "eb4407dc-d432-4d33-a907-edbdd7fe4748",
    "baseType": "text",
    "prpScale": 0,
    "smCreatedOn": "2016-10-31T18:25:18.793Z"
  },
  "pk": 41
},
{
  "model": "rai01ref.docattribute",
  "fields": {
    "code": "Responsable",
    "prpDefault": "",
    "prpChoices": "",
    "smNaturalCode": "artefact-procedure-responsable",
    "smWflowStatus": null,
    "smOwningUser": 1,
    "description": "",
    "isRequired": false,
    "vType": "",
    "smCreatedBy": 1,
    "docType": 74,
    "isSensitive": false,
    "prpLength": 0,
    "smModifiedBy": 1,
    "smModifiedOn": "2016-10-31T18:28:31.468Z",
    "smRegStatus": null,
    "crudType": "",
    "smOwningTeam": 1,
    "smUUID": "0aaa420a-9b76-4282-9b79-b3afcf6b47ff",
    "baseType": "",
    "prpScale": 0,
    "smCreatedOn": "2016-10-31T18:28:31.468Z"
  },
  "pk": 44
},
{
  "model": "rai01ref.docattribute",
  "fields": {
    "code": "Mode de traitement",
    "prpDefault": "",
    "prpChoices": "",
    "smNaturalCode": "artefact-procedure-mode-de-traitement",
    "smWflowStatus": null,
    "smOwningUser": 1,
    "description": "",
    "isRequired": false,
    "vType": "",
    "smCreatedBy": 1,
    "docType": 74,
    "isSensitive": false,
    "prpLength": 0,
    "smModifiedBy": 1,
    "smModifiedOn": "2016-10-31T18:28:53.895Z",
    "smRegStatus": null,
    "crudType": "",
    "smOwningTeam": 1,
    "smUUID": "ddbaf1dd-1a1c-46f6-b880-8ee5e05b1b57",
    "baseType": "",
    "prpScale": 0,
    "smCreatedOn": "2016-10-31T18:28:53.895Z"
  },
  "pk": 45
},
{
  "model": "rai01ref.docattribute",
  "fields": {
    "code": "Fr\u00e9quence",
    "prpDefault": "",
    "prpChoices": "",
    "smNaturalCode": "artefact-procedure-frequence",
    "smWflowStatus": null,
    "smOwningUser": 1,
    "description": "",
    "isRequired": false,
    "vType": "",
    "smCreatedBy": 1,
    "docType": 74,
    "isSensitive": false,
    "prpLength": 0,
    "smModifiedBy": 1,
    "smModifiedOn": "2016-10-31T18:29:06.839Z",
    "smRegStatus": null,
    "crudType": "",
    "smOwningTeam": 1,
    "smUUID": "3be829d5-0bd4-4561-bdfd-e8c8c1f1cfd0",
    "baseType": "",
    "prpScale": 0,
    "smCreatedOn": "2016-10-31T18:29:06.839Z"
  },
  "pk": 46
},
{
  "model": "rai01ref.docattribute",
  "fields": {
    "code": "Crit\u00e8re d'entr\u00e9e",
    "prpDefault": "",
    "prpChoices": "",
    "smNaturalCode": "artefact-procedure-critere-dentree",
    "smWflowStatus": null,
    "smOwningUser": 1,
    "description": "",
    "isRequired": false,
    "vType": "",
    "smCreatedBy": 1,
    "docType": 74,
    "isSensitive": false,
    "prpLength": 0,
    "smModifiedBy": 1,
    "smModifiedOn": "2016-10-31T18:29:23.472Z",
    "smRegStatus": null,
    "crudType": "",
    "smOwningTeam": 1,
    "smUUID": "320eb3a4-6cf9-40b6-b3ee-837cdbd67da9",
    "baseType": "",
    "prpScale": 0,
    "smCreatedOn": "2016-10-31T18:29:23.472Z"
  },
  "pk": 47
},
{
  "model": "rai01ref.docattribute",
  "fields": {
    "code": "Intrant",
    "prpDefault": "",
    "prpChoices": "",
    "smNaturalCode": "artefact-procedure-intrant",
    "smWflowStatus": null,
    "smOwningUser": 1,
    "description": "",
    "isRequired": false,
    "vType": "",
    "smCreatedBy": 1,
    "docType": 74,
    "isSensitive": false,
    "prpLength": 0,
    "smModifiedBy": 1,
    "smModifiedOn": "2016-10-31T18:29:34.614Z",
    "smRegStatus": null,
    "crudType": "",
    "smOwningTeam": 1,
    "smUUID": "718e81b6-14b1-4382-b4b7-a9ab4e972816",
    "baseType": "",
    "prpScale": 0,
    "smCreatedOn": "2016-10-31T18:29:34.614Z"
  },
  "pk": 48
},
{
  "model": "rai01ref.docattribute",
  "fields": {
    "code": "Crit\u00e8res de sortie",
    "prpDefault": "",
    "prpChoices": "",
    "smNaturalCode": "artefact-procedure-criteres-de-sortie",
    "smWflowStatus": null,
    "smOwningUser": 1,
    "description": "",
    "isRequired": false,
    "vType": "",
    "smCreatedBy": 1,
    "docType": 74,
    "isSensitive": false,
    "prpLength": 0,
    "smModifiedBy": 1,
    "smModifiedOn": "2016-10-31T18:30:28.701Z",
    "smRegStatus": null,
    "crudType": "",
    "smOwningTeam": 1,
    "smUUID": "2e633dfe-47af-4af7-a361-f26fad528eba",
    "baseType": "",
    "prpScale": 0,
    "smCreatedOn": "2016-10-31T18:30:28.701Z"
  },
  "pk": 49
},
{
  "model": "rai01ref.docattribute",
  "fields": {
    "code": "Caract\u00e9ristiques",
    "prpDefault": "",
    "prpChoices": "",
    "smNaturalCode": "artefact-procedure-caracteristiques",
    "smWflowStatus": null,
    "smOwningUser": 1,
    "description": "",
    "isRequired": false,
    "vType": "",
    "smCreatedBy": 1,
    "docType": 74,
    "isSensitive": false,
    "prpLength": 0,
    "smModifiedBy": 1,
    "smModifiedOn": "2016-10-31T18:31:38.765Z",
    "smRegStatus": null,
    "crudType": "",
    "smOwningTeam": 1,
    "smUUID": "f84e8d1e-f6d4-4610-b716-3a3fd9dfcce1",
    "baseType": "",
    "prpScale": 0,
    "smCreatedOn": "2016-10-31T18:31:38.765Z"
  },
  "pk": 50
},
{
  "model": "rai01ref.capacity",
  "fields": {
    "docType": 75,
    "copyFrom": null,
    "smRegStatus": null,
    "smOwningTeam": 1,
    "smNaturalCode": "contacts_clients-contacts-client",
    "smWflowStatus": null,
    "smModifiedBy": 1,
    "smOwningUser": 1,
    "refCapacity": 55,
    "info": {},
    "smModifiedOn": "2016-11-03T21:37:42.488Z",
    "description": "contacts client",
    "code": "contacts_clients",
    "smCreatedBy": 1,
    "smUUID": "3e305372-35d9-47d0-996a-dc7faffaa088",
    "smCreatedOn": "2016-11-03T00:23:04.968Z"
  },
  "pk": 54
},
{
  "model": "rai01ref.capacity",
  "fields": {
    "docType": 75,
    "copyFrom": null,
    "smRegStatus": null,
    "smOwningTeam": 1,
    "smNaturalCode": "direction_des_operations-direction-des-operations",
    "smWflowStatus": null,
    "smModifiedBy": 1,
    "smOwningUser": 1,
    "refCapacity": null,
    "info": {},
    "smModifiedOn": "2016-11-03T21:37:56.264Z",
    "description": "Direction des op\u00e9rations",
    "code": "Direction_des_op\u00e9rations",
    "smCreatedBy": 1,
    "smUUID": "ba561529-86f5-4402-bddd-e69ddce7e579",
    "smCreatedOn": "2016-11-03T00:23:28.035Z"
  },
  "pk": 55
},
{
  "model": "rai01ref.capacity",
  "fields": {
    "docType": 80,
    "copyFrom": null,
    "smRegStatus": null,
    "smOwningTeam": 1,
    "smNaturalCode": "rrq-regime-des-rentes-quebec",
    "smWflowStatus": null,
    "smModifiedBy": 1,
    "smOwningUser": 1,
    "refCapacity": null,
    "info": {},
    "smModifiedOn": "2016-11-03T15:01:12.777Z",
    "description": "R\u00e9gime des Rentes Qu\u00e9bec",
    "code": "RRQ",
    "smCreatedBy": 1,
    "smUUID": "44574b20-3a20-4d83-8c76-8ba05498facd",
    "smCreatedOn": "2016-11-03T15:01:12.777Z"
  },
  "pk": 61
},
{
  "model": "rai01ref.capacity",
  "fields": {
    "docType": 80,
    "copyFrom": null,
    "smRegStatus": null,
    "smOwningTeam": 1,
    "smNaturalCode": "ca-conseil-administration",
    "smWflowStatus": null,
    "smModifiedBy": 1,
    "smOwningUser": 1,
    "refCapacity": 61,
    "info": {},
    "smModifiedOn": "2016-11-03T17:47:28.659Z",
    "description": "Conseil Administration",
    "code": "CA",
    "smCreatedBy": 1,
    "smUUID": "23b231d6-48fd-412d-9544-86bbb607b3b4",
    "smCreatedOn": "2016-11-03T15:01:36.651Z"
  },
  "pk": 62
},
{
  "model": "rai01ref.capacity",
  "fields": {
    "docType": 80,
    "copyFrom": null,
    "smRegStatus": null,
    "smOwningTeam": 1,
    "smNaturalCode": "codir-comite-de-direction",
    "smWflowStatus": null,
    "smModifiedBy": 1,
    "smOwningUser": 1,
    "refCapacity": 61,
    "info": {},
    "smModifiedOn": "2016-11-03T17:47:46.982Z",
    "description": "Comit\u00e9 de direction",
    "code": "CODIR",
    "smCreatedBy": 1,
    "smUUID": "65b08e5e-883e-4aea-9b0d-514b56ba50ad",
    "smCreatedOn": "2016-11-03T15:02:06.237Z"
  },
  "pk": 63
},
{
  "model": "rai01ref.capacity",
  "fields": {
    "docType": 80,
    "copyFrom": null,
    "smRegStatus": null,
    "smOwningTeam": 1,
    "smNaturalCode": "sg-secretariat-general",
    "smWflowStatus": null,
    "smModifiedBy": 1,
    "smOwningUser": 1,
    "refCapacity": 61,
    "info": {},
    "smModifiedOn": "2016-11-03T17:48:31.618Z",
    "description": "Secr\u00e9tariat G\u00e9n\u00e9ral",
    "code": "SG",
    "smCreatedBy": 1,
    "smUUID": "f1f28f24-c61f-48b9-9879-f0871d5bf393",
    "smCreatedOn": "2016-11-03T15:06:44.075Z"
  },
  "pk": 64
},
{
  "model": "rai01ref.capacity",
  "fields": {
    "docType": 80,
    "copyFrom": null,
    "smRegStatus": null,
    "smOwningTeam": 1,
    "smNaturalCode": "daj-daj",
    "smWflowStatus": null,
    "smModifiedBy": 1,
    "smOwningUser": 1,
    "refCapacity": 61,
    "info": {},
    "smModifiedOn": "2016-11-03T15:15:27.882Z",
    "description": "DAJ",
    "code": "DAJ",
    "smCreatedBy": 1,
    "smUUID": "00da9812-dbea-4821-ba1c-a3933e6116f7",
    "smCreatedOn": "2016-11-03T15:15:27.882Z"
  },
  "pk": 65
},
{
  "model": "rai01ref.capacity",
  "fields": {
    "docType": 80,
    "copyFrom": null,
    "smRegStatus": null,
    "smOwningTeam": 1,
    "smNaturalCode": "dpl-direction-planification",
    "smWflowStatus": null,
    "smModifiedBy": 1,
    "smOwningUser": 1,
    "refCapacity": 61,
    "info": {},
    "smModifiedOn": "2016-11-03T18:24:18.213Z",
    "description": "Direction Planification",
    "code": "DPL",
    "smCreatedBy": 1,
    "smUUID": "34dd067d-e36d-4732-99c0-e8d1a797b2ba",
    "smCreatedOn": "2016-11-03T18:24:18.213Z"
  },
  "pk": 66
},
{
  "model": "rai01ref.capacity",
  "fields": {
    "docType": 80,
    "copyFrom": null,
    "smRegStatus": null,
    "smOwningTeam": 1,
    "smNaturalCode": "cgpp-comite-gestion-de-portefeuille",
    "smWflowStatus": null,
    "smModifiedBy": 1,
    "smOwningUser": 1,
    "refCapacity": 61,
    "info": {},
    "smModifiedOn": "2016-11-03T18:24:58.175Z",
    "description": "Comit\u00e9 Gestion de portefeuille",
    "code": "CGPP",
    "smCreatedBy": 1,
    "smUUID": "4e66d44a-d385-4cdf-90d2-0ab1cb8babf8",
    "smCreatedOn": "2016-11-03T18:24:58.175Z"
  },
  "pk": 67
},
{
  "model": "rai01ref.capacity",
  "fields": {
    "docType": 80,
    "copyFrom": null,
    "smRegStatus": null,
    "smOwningTeam": 1,
    "smNaturalCode": "dp-direction-de-la-planification",
    "smWflowStatus": null,
    "smModifiedBy": 1,
    "smOwningUser": 1,
    "refCapacity": 61,
    "info": {},
    "smModifiedOn": "2016-11-03T18:25:21.761Z",
    "description": "Direction de la Planification",
    "code": "DP",
    "smCreatedBy": 1,
    "smUUID": "4fd5a5ef-090e-4857-beea-3e18271814f9",
    "smCreatedOn": "2016-11-03T18:25:21.761Z"
  },
  "pk": 68
},
{
  "model": "rai01ref.capacity",
  "fields": {
    "docType": 80,
    "copyFrom": null,
    "smRegStatus": null,
    "smOwningTeam": 1,
    "smNaturalCode": "dsi-direction-des-systemes-dinformation",
    "smWflowStatus": null,
    "smModifiedBy": 1,
    "smOwningUser": 1,
    "refCapacity": 61,
    "info": {},
    "smModifiedOn": "2016-11-03T18:25:51.430Z",
    "description": "Direction des syst\u00e8mes d'information",
    "code": "DSI",
    "smCreatedBy": 1,
    "smUUID": "a0441ce6-079e-41bb-896a-f542135e74f9",
    "smCreatedOn": "2016-11-03T18:25:51.430Z"
  },
  "pk": 69
},
{
  "model": "rai01ref.capacity",
  "fields": {
    "docType": 80,
    "copyFrom": null,
    "smRegStatus": null,
    "smOwningTeam": 1,
    "smNaturalCode": "dfccrm-direction-mesures-urgences",
    "smWflowStatus": null,
    "smModifiedBy": 1,
    "smOwningUser": 1,
    "refCapacity": 61,
    "info": {},
    "smModifiedOn": "2016-11-03T18:26:44.265Z",
    "description": "Direction ... mesures urgences",
    "code": "DFCCRM",
    "smCreatedBy": 1,
    "smUUID": "db1b8852-f5c3-42d2-93cb-609a3e467c1d",
    "smCreatedOn": "2016-11-03T18:26:44.265Z"
  },
  "pk": 70
},
{
  "model": "rai01ref.capacity",
  "fields": {
    "docType": 80,
    "copyFrom": null,
    "smRegStatus": null,
    "smOwningTeam": 1,
    "smNaturalCode": "drh-direction-des-ressurces-humaines",
    "smWflowStatus": null,
    "smModifiedBy": 1,
    "smOwningUser": 1,
    "refCapacity": 61,
    "info": {},
    "smModifiedOn": "2016-11-03T18:27:12.246Z",
    "description": "Direction des ressurces humaines",
    "code": "DRH",
    "smCreatedBy": 1,
    "smUUID": "8ab888a1-14eb-4337-9985-2ed7bc749103",
    "smCreatedOn": "2016-11-03T18:27:12.246Z"
  },
  "pk": 71
},
{
  "model": "rai01ref.capacity",
  "fields": {
    "docType": 80,
    "copyFrom": null,
    "smRegStatus": null,
    "smOwningTeam": 1,
    "smNaturalCode": "dsaq-direction-des-statistiques",
    "smWflowStatus": null,
    "smModifiedBy": 1,
    "smOwningUser": 1,
    "refCapacity": 61,
    "info": {},
    "smModifiedOn": "2016-11-03T18:27:50.540Z",
    "description": "Direction des statistiques",
    "code": "DSAQ",
    "smCreatedBy": 1,
    "smUUID": "711e5141-e370-434b-bad4-267ffe5750b9",
    "smCreatedOn": "2016-11-03T18:27:50.540Z"
  },
  "pk": 72
},
{
  "model": "rai01ref.capacity",
  "fields": {
    "docType": 80,
    "copyFrom": null,
    "smRegStatus": null,
    "smOwningTeam": 1,
    "smNaturalCode": "daj-direction-des-affaires-juridiques",
    "smWflowStatus": null,
    "smModifiedBy": 1,
    "smOwningUser": 1,
    "refCapacity": 61,
    "info": {},
    "smModifiedOn": "2016-11-03T18:28:19.092Z",
    "description": "Direction des Affaires juridiques",
    "code": "DAJ",
    "smCreatedBy": 1,
    "smUUID": "07273755-df71-47ca-aafa-a6e3a009b3a3",
    "smCreatedOn": "2016-11-03T18:28:19.092Z"
  },
  "pk": 73
},
{
  "model": "rai01ref.capacity",
  "fields": {
    "docType": 80,
    "copyFrom": null,
    "smRegStatus": null,
    "smOwningTeam": 1,
    "smNaturalCode": "dai-direction-de-laadit-interne",
    "smWflowStatus": null,
    "smModifiedBy": 1,
    "smOwningUser": 1,
    "refCapacity": 61,
    "info": {},
    "smModifiedOn": "2016-11-03T18:28:48.895Z",
    "description": "Direction de l'Aadit interne",
    "code": "DAI",
    "smCreatedBy": 1,
    "smUUID": "fcb0545c-a588-485f-830a-8d2cc6432aaa",
    "smCreatedOn": "2016-11-03T18:28:48.895Z"
  },
  "pk": 74
},
{
  "model": "rai01ref.capacity",
  "fields": {
    "docType": 81,
    "copyFrom": null,
    "smRegStatus": null,
    "smOwningTeam": 1,
    "smNaturalCode": "agent-agent",
    "smWflowStatus": null,
    "smModifiedBy": 1,
    "smOwningUser": 1,
    "refCapacity": null,
    "info": {},
    "smModifiedOn": "2016-11-03T22:22:47.955Z",
    "description": "Agent",
    "code": "Agent",
    "smCreatedBy": 1,
    "smUUID": "baf97587-d1a2-49f3-92f5-083fc4e356c6",
    "smCreatedOn": "2016-11-03T22:22:47.955Z"
  },
  "pk": 75
},
{
  "model": "rai01ref.capacity",
  "fields": {
    "docType": 81,
    "copyFrom": null,
    "smRegStatus": null,
    "smOwningTeam": 1,
    "smNaturalCode": "agent-1-agent-de-premiere-ligne",
    "smWflowStatus": null,
    "smModifiedBy": 1,
    "smOwningUser": 1,
    "refCapacity": 75,
    "info": {},
    "smModifiedOn": "2016-11-03T22:23:16.036Z",
    "description": "Agent de premi\u00e8re ligne",
    "code": "Agent-1",
    "smCreatedBy": 1,
    "smUUID": "0345caed-aeb3-4a84-96b1-93ddb5c9b375",
    "smCreatedOn": "2016-11-03T22:23:16.036Z"
  },
  "pk": 76
},
{
  "model": "rai01ref.capacity",
  "fields": {
    "docType": 81,
    "copyFrom": null,
    "smRegStatus": null,
    "smOwningTeam": 1,
    "smNaturalCode": "agent-2-agent-de-deuxieme-ligne",
    "smWflowStatus": null,
    "smModifiedBy": 1,
    "smOwningUser": 1,
    "refCapacity": 75,
    "info": {},
    "smModifiedOn": "2016-11-03T22:23:51.168Z",
    "description": "Agent de deuxi\u00e8me ligne",
    "code": "Agent-2",
    "smCreatedBy": 1,
    "smUUID": "20aaea5f-4337-4672-984e-760aaec09b2b",
    "smCreatedOn": "2016-11-03T22:23:51.168Z"
  },
  "pk": 77
},
{
  "model": "rai01ref.artefact",
  "fields": {
    "docType": 78,
    "copyFrom": null,
    "smRegStatus": null,
    "refArtefact": null,
    "requirement": null,
    "smOwningTeam": 1,
    "smNaturalCode": "er0301-fournir",
    "smWflowStatus": null,
    "smModifiedBy": 1,
    "smOwningUser": 1,
    "capacity": null,
    "info": {},
    "smModifiedOn": "2016-11-01T21:29:43.396Z",
    "description": "Fournir ....",
    "code": "ER0301",
    "smCreatedBy": 1,
    "smUUID": "072e95f1-922e-4b7c-a29c-59cae09fb013",
    "smCreatedOn": "2016-11-01T21:29:43.396Z"
  },
  "pk": 43
},
{
  "model": "rai01ref.artefact",
  "fields": {
    "docType": 78,
    "copyFrom": null,
    "smRegStatus": null,
    "refArtefact": null,
    "requirement": null,
    "smOwningTeam": 1,
    "smNaturalCode": "cl0404-mettre-a-jour",
    "smWflowStatus": null,
    "smModifiedBy": 1,
    "smOwningUser": 1,
    "capacity": null,
    "info": {},
    "smModifiedOn": "2016-11-01T21:30:08.375Z",
    "description": "Mettre \u00e0 jour",
    "code": "CL0404",
    "smCreatedBy": 1,
    "smUUID": "1c2408e0-e7c9-459a-bf60-c6c5beca72fa",
    "smCreatedOn": "2016-11-01T21:30:08.375Z"
  },
  "pk": 44
},
{
  "model": "rai01ref.artefact",
  "fields": {
    "docType": 78,
    "copyFrom": null,
    "smRegStatus": null,
    "refArtefact": null,
    "requirement": null,
    "smOwningTeam": 1,
    "smNaturalCode": "pl0101-traiter-une-plainte",
    "smWflowStatus": null,
    "smModifiedBy": 1,
    "smOwningUser": 1,
    "capacity": null,
    "info": {},
    "smModifiedOn": "2016-11-01T21:30:34.347Z",
    "description": "Traiter une plainte",
    "code": "PL0101",
    "smCreatedBy": 1,
    "smUUID": "6ffe3f82-b18e-4b9f-8fa9-fbdeee21a088",
    "smCreatedOn": "2016-11-01T21:30:34.347Z"
  },
  "pk": 45
},
{
  "model": "rai01ref.artefact",
  "fields": {
    "docType": 78,
    "copyFrom": null,
    "smRegStatus": null,
    "refArtefact": null,
    "requirement": null,
    "smOwningTeam": 1,
    "smNaturalCode": "pr103-estimer-une-rente",
    "smWflowStatus": null,
    "smModifiedBy": 1,
    "smOwningUser": 1,
    "capacity": null,
    "info": {},
    "smModifiedOn": "2016-11-01T21:30:54.460Z",
    "description": "Estimer une rente",
    "code": "PR103",
    "smCreatedBy": 1,
    "smUUID": "938adfa4-9160-46fd-88db-d5648a227ee5",
    "smCreatedOn": "2016-11-01T21:30:54.460Z"
  },
  "pk": 46
},
{
  "model": "rai01ref.artefact",
  "fields": {
    "docType": 78,
    "copyFrom": null,
    "smRegStatus": null,
    "refArtefact": null,
    "requirement": null,
    "smOwningTeam": 1,
    "smNaturalCode": "cl0206-fournir-une-ref",
    "smWflowStatus": null,
    "smModifiedBy": 1,
    "smOwningUser": 1,
    "capacity": null,
    "info": {},
    "smModifiedOn": "2016-11-01T21:31:25.048Z",
    "description": "Fournir une ref....",
    "code": "CL0206",
    "smCreatedBy": 1,
    "smUUID": "1c8fdb74-a868-4a24-9f84-606b43c0fafb",
    "smCreatedOn": "2016-11-01T21:31:25.048Z"
  },
  "pk": 47
},
{
  "model": "rai01ref.artefact",
  "fields": {
    "docType": 73,
    "copyFrom": null,
    "smRegStatus": null,
    "refArtefact": null,
    "requirement": null,
    "smOwningTeam": 1,
    "smNaturalCode": "cl0201-fournir-une-information-telephonique",
    "smWflowStatus": null,
    "smModifiedBy": 1,
    "smOwningUser": 1,
    "capacity": 54,
    "info": {
      "criteres-de-sortie": "",
      "responsable": "",
      "version": "4.o",
      "description-sommaire": "copie de la page 1",
      "evenement-declencheur": "Toute demande d'information par t\u00e9l\u00e9phone",
      "intrant": "",
      "volume": "voir page 1",
      "critere-dentree": "",
      "frequence": "",
      "type-extrant": "R\u00e9ponse verbale et  documentation transmise au client",
      "date-revision": "2010-03-12",
      "redacteur": "xx",
      "caracteristiques": "pages 2 et 3",
      "etat": "final",
      "mode-de-traitement": ""
    },
    "smModifiedOn": "2016-11-03T03:01:47.912Z",
    "description": "Fournir une information t\u00e9l\u00e9phonique",
    "code": "CL0201",
    "smCreatedBy": 1,
    "smUUID": "a791d0db-2c63-4539-94ff-f05c5dbceb21",
    "smCreatedOn": "2016-11-01T21:34:25.143Z"
  },
  "pk": 48
},
{
  "model": "rai01ref.artefact",
  "fields": {
    "docType": 74,
    "copyFrom": null,
    "smRegStatus": null,
    "refArtefact": null,
    "requirement": null,
    "smOwningTeam": 1,
    "smNaturalCode": "cl020101-recevoir-une-demande",
    "smWflowStatus": null,
    "smModifiedBy": 1,
    "smOwningUser": 1,
    "capacity": null,
    "info": {
      "criteres-de-sortie": "",
      "intrant": "",
      "nom-procedure": "",
      "mode-de-traitement": "",
      "caracteristiques": "",
      "critere-dentree": "La r\u00e9ception d'une demande t\u00e9l\u00e9phonoqiue",
      "code-procedure": "",
      "responsable": "",
      "frequence": "Au besoin"
    },
    "smModifiedOn": "2016-11-03T02:39:31.564Z",
    "description": "Recevoir une demande",
    "code": "CL020101",
    "smCreatedBy": 1,
    "smUUID": "68c9629f-9cef-450f-912b-69e3c39c451c",
    "smCreatedOn": "2016-11-03T02:39:31.564Z"
  },
  "pk": 49
},
{
  "model": "rai01ref.artefact",
  "fields": {
    "docType": 74,
    "copyFrom": null,
    "smRegStatus": null,
    "refArtefact": null,
    "requirement": null,
    "smOwningTeam": 1,
    "smNaturalCode": "cl020102-traiter-une-demande-simple",
    "smWflowStatus": null,
    "smModifiedBy": 1,
    "smOwningUser": 1,
    "capacity": null,
    "info": {
      "criteres-de-sortie": "",
      "responsable": "",
      "version": "",
      "description-sommaire": "",
      "date-revision": null,
      "intrant": "",
      "volume": "",
      "etat": "",
      "evenement-declencheur": "",
      "frequence": "",
      "type-extrant": "",
      "redacteur": "",
      "caracteristiques": "",
      "critere-dentree": "",
      "mode-de-traitement": ""
    },
    "smModifiedOn": "2016-11-03T03:10:19.725Z",
    "description": "Traiter une demande simple",
    "code": "CL020102",
    "smCreatedBy": 1,
    "smUUID": "18e5b3ad-d1af-44ac-9f34-0c9861b7c9ec",
    "smCreatedOn": "2016-11-03T03:10:19.725Z"
  },
  "pk": 50
},
{
  "model": "rai01ref.artefact",
  "fields": {
    "docType": 74,
    "copyFrom": null,
    "smRegStatus": null,
    "refArtefact": null,
    "requirement": null,
    "smOwningTeam": 1,
    "smNaturalCode": "cl020103-traiter-une-demande-complexe",
    "smWflowStatus": null,
    "smModifiedBy": 1,
    "smOwningUser": 1,
    "capacity": null,
    "info": {
      "criteres-de-sortie": "",
      "responsable": "",
      "version": "",
      "description-sommaire": "",
      "date-revision": null,
      "intrant": "",
      "volume": "",
      "etat": "",
      "evenement-declencheur": "",
      "frequence": "",
      "type-extrant": "",
      "redacteur": "",
      "caracteristiques": "",
      "critere-dentree": "",
      "mode-de-traitement": ""
    },
    "smModifiedOn": "2016-11-03T03:11:26.583Z",
    "description": "Traiter une demande complexe",
    "code": "CL020103",
    "smCreatedBy": 1,
    "smUUID": "3ee8f554-a550-40ff-a419-8977f8b8d4cd",
    "smCreatedOn": "2016-11-03T03:11:26.583Z"
  },
  "pk": 51
},
{
  "model": "rai01ref.artefact",
  "fields": {
    "docType": 74,
    "copyFrom": null,
    "smRegStatus": null,
    "refArtefact": null,
    "requirement": null,
    "smOwningTeam": 1,
    "smNaturalCode": "cl020104-effectuer-une-analyse-specialiste",
    "smWflowStatus": null,
    "smModifiedBy": 1,
    "smOwningUser": 1,
    "capacity": null,
    "info": {
      "criteres-de-sortie": "",
      "responsable": "",
      "version": "",
      "description-sommaire": "",
      "date-revision": null,
      "intrant": "",
      "volume": "",
      "etat": "",
      "evenement-declencheur": "",
      "frequence": "",
      "type-extrant": "",
      "redacteur": "",
      "caracteristiques": "",
      "critere-dentree": "",
      "mode-de-traitement": ""
    },
    "smModifiedOn": "2016-11-03T03:15:54.245Z",
    "description": "Effectuer une analyse sp\u00e9cialiste",
    "code": "CL020104",
    "smCreatedBy": 1,
    "smUUID": "de52c332-7275-419b-8d06-553702ae3ed8",
    "smCreatedOn": "2016-11-03T03:15:54.245Z"
  },
  "pk": 52
},
{
  "model": "rai01ref.artefact",
  "fields": {
    "docType": 79,
    "copyFrom": null,
    "smRegStatus": null,
    "refArtefact": 56,
    "requirement": null,
    "smOwningTeam": 1,
    "smNaturalCode": "gouvernance-gouvernance",
    "smWflowStatus": null,
    "smModifiedBy": 1,
    "smOwningUser": 1,
    "capacity": null,
    "info": {},
    "smModifiedOn": "2016-11-03T13:18:12.270Z",
    "description": "Gouvernance",
    "code": "Gouvernance",
    "smCreatedBy": 1,
    "smUUID": "854b2eb0-ca63-47b7-ae91-f6394783a10c",
    "smCreatedOn": "2016-11-03T13:12:05.977Z"
  },
  "pk": 53
},
{
  "model": "rai01ref.artefact",
  "fields": {
    "docType": 79,
    "copyFrom": null,
    "smRegStatus": null,
    "refArtefact": 53,
    "requirement": null,
    "smOwningTeam": 1,
    "smNaturalCode": "direction-de-la-regie-direction-de-la-regie",
    "smWflowStatus": null,
    "smModifiedBy": 1,
    "smOwningUser": 1,
    "capacity": null,
    "info": {
      "criteres-de-sortie": "",
      "intrant": "",
      "volume": "",
      "version": "",
      "mode-de-traitement": "",
      "date-revision": null,
      "critere-dentree": "",
      "responsable": "",
      "evenement-declencheur": "",
      "frequence": "",
      "type-extrant": "",
      "redacteur": "",
      "caracteristiques": "",
      "etat": "",
      "description-sommaire": ""
    },
    "smModifiedOn": "2016-11-10T14:33:07.297Z",
    "description": "Direction de la r\u00e9gie",
    "code": "Direction de la r\u00e9gie",
    "smCreatedBy": 1,
    "smUUID": "ffde4e2f-67b2-4b51-8847-53d5beeaba2c",
    "smCreatedOn": "2016-11-03T13:14:20.073Z"
  },
  "pk": 54
},
{
  "model": "rai01ref.artefact",
  "fields": {
    "docType": 79,
    "copyFrom": null,
    "smRegStatus": null,
    "refArtefact": 53,
    "requirement": null,
    "smOwningTeam": 1,
    "smNaturalCode": "planification-de-lorganisation-planification-de-lorganisation",
    "smWflowStatus": null,
    "smModifiedBy": 1,
    "smOwningUser": 1,
    "capacity": null,
    "info": {
      "criteres-de-sortie": "",
      "intrant": "",
      "volume": "",
      "version": "",
      "mode-de-traitement": "",
      "date-revision": null,
      "critere-dentree": "",
      "responsable": "",
      "evenement-declencheur": "",
      "frequence": "",
      "type-extrant": "",
      "redacteur": "",
      "caracteristiques": "",
      "etat": "",
      "description-sommaire": ""
    },
    "smModifiedOn": "2016-11-10T14:33:23.720Z",
    "description": "Planification de l'organisation",
    "code": "Planification de l'organisation",
    "smCreatedBy": 1,
    "smUUID": "a84a6ef8-7ba8-4186-8804-67387609f98f",
    "smCreatedOn": "2016-11-03T13:16:58.716Z"
  },
  "pk": 55
},
{
  "model": "rai01ref.artefact",
  "fields": {
    "docType": 79,
    "copyFrom": null,
    "smRegStatus": null,
    "refArtefact": null,
    "requirement": null,
    "smOwningTeam": 1,
    "smNaturalCode": "regie-des-rentes-regie-des-rentes",
    "smWflowStatus": null,
    "smModifiedBy": 1,
    "smOwningUser": 1,
    "capacity": null,
    "info": {
      "criteres-de-sortie": "",
      "intrant": "",
      "volume": "",
      "version": "",
      "mode-de-traitement": "",
      "date-revision": null,
      "critere-dentree": "",
      "responsable": "",
      "evenement-declencheur": "",
      "frequence": "",
      "type-extrant": "",
      "redacteur": "",
      "caracteristiques": "",
      "etat": "",
      "description-sommaire": ""
    },
    "smModifiedOn": "2016-11-10T14:35:43.855Z",
    "description": "R\u00e9gie des Rentes",
    "code": "R\u00e9gie des Rentes",
    "smCreatedBy": 1,
    "smUUID": "731a0ccc-27d2-447f-87dd-9afe1f2d3898",
    "smCreatedOn": "2016-11-03T13:17:34.292Z"
  },
  "pk": 56
},
{
  "model": "rai01ref.artefact",
  "fields": {
    "docType": 79,
    "copyFrom": null,
    "smRegStatus": null,
    "refArtefact": 56,
    "requirement": null,
    "smOwningTeam": 1,
    "smNaturalCode": "gestion-des-activites-gestion-des-activites",
    "smWflowStatus": null,
    "smModifiedBy": 1,
    "smOwningUser": 1,
    "capacity": null,
    "info": {
      "criteres-de-sortie": "",
      "intrant": "",
      "volume": "",
      "version": "",
      "mode-de-traitement": "",
      "date-revision": null,
      "critere-dentree": "",
      "responsable": "",
      "evenement-declencheur": "",
      "frequence": "",
      "type-extrant": "",
      "redacteur": "",
      "caracteristiques": "",
      "etat": "",
      "description-sommaire": ""
    },
    "smModifiedOn": "2016-11-10T14:37:02.904Z",
    "description": "Gestion des Activit\u00e9s",
    "code": "Gestion des Activit\u00e9s",
    "smCreatedBy": 1,
    "smUUID": "5cb15803-fee5-40c6-b8a5-f2ef8eb5e7c3",
    "smCreatedOn": "2016-11-03T18:33:21.052Z"
  },
  "pk": 57
},
{
  "model": "rai01ref.artefact",
  "fields": {
    "docType": 79,
    "copyFrom": null,
    "smRegStatus": null,
    "refArtefact": 57,
    "requirement": null,
    "smOwningTeam": 1,
    "smNaturalCode": "planification-des-activites-planification-des-activites",
    "smWflowStatus": null,
    "smModifiedBy": 1,
    "smOwningUser": 1,
    "capacity": null,
    "info": {
      "criteres-de-sortie": "",
      "intrant": "",
      "volume": "",
      "version": "",
      "mode-de-traitement": "",
      "date-revision": null,
      "critere-dentree": "",
      "responsable": "",
      "evenement-declencheur": "",
      "frequence": "",
      "type-extrant": "",
      "redacteur": "",
      "caracteristiques": "",
      "etat": "",
      "description-sommaire": ""
    },
    "smModifiedOn": "2016-11-10T14:43:45.617Z",
    "description": "Planification des activit\u00e9s",
    "code": "Planification des activit\u00e9s",
    "smCreatedBy": 1,
    "smUUID": "88714910-69b8-419b-b3c4-0c28579d78e8",
    "smCreatedOn": "2016-11-03T18:37:19.243Z"
  },
  "pk": 58
},
{
  "model": "rai01ref.artefact",
  "fields": {
    "docType": 79,
    "copyFrom": null,
    "smRegStatus": null,
    "refArtefact": 57,
    "requirement": null,
    "smOwningTeam": 1,
    "smNaturalCode": "assignation-des-ressources-assignation-des-ressources",
    "smWflowStatus": null,
    "smModifiedBy": 1,
    "smOwningUser": 1,
    "capacity": null,
    "info": {
      "criteres-de-sortie": "",
      "intrant": "",
      "volume": "",
      "version": "",
      "mode-de-traitement": "",
      "date-revision": null,
      "critere-dentree": "",
      "responsable": "",
      "evenement-declencheur": "",
      "frequence": "",
      "type-extrant": "",
      "redacteur": "",
      "caracteristiques": "",
      "etat": "",
      "description-sommaire": ""
    },
    "smModifiedOn": "2016-11-10T14:50:23.151Z",
    "description": "Assignation des ressources",
    "code": "Assignation des ressources",
    "smCreatedBy": 1,
    "smUUID": "01ce2b86-5fbb-4fb0-b751-23ff11806604",
    "smCreatedOn": "2016-11-03T18:38:10.617Z"
  },
  "pk": 59
},
{
  "model": "rai01ref.artefact",
  "fields": {
    "docType": 79,
    "copyFrom": null,
    "smRegStatus": null,
    "refArtefact": 57,
    "requirement": null,
    "smOwningTeam": 1,
    "smNaturalCode": "suivi-des-activites-suivi-des-activites",
    "smWflowStatus": null,
    "smModifiedBy": 1,
    "smOwningUser": 1,
    "capacity": null,
    "info": {
      "criteres-de-sortie": "",
      "intrant": "",
      "volume": "",
      "version": "",
      "mode-de-traitement": "",
      "date-revision": null,
      "critere-dentree": "",
      "responsable": "",
      "evenement-declencheur": "",
      "frequence": "",
      "type-extrant": "",
      "redacteur": "",
      "caracteristiques": "",
      "etat": "",
      "description-sommaire": ""
    },
    "smModifiedOn": "2016-11-10T14:50:38.024Z",
    "description": "Suivi des activit\u00e9s",
    "code": "Suivi des activit\u00e9s",
    "smCreatedBy": 1,
    "smUUID": "38cae047-927b-4b7e-9b62-a2fe4d0bedcb",
    "smCreatedOn": "2016-11-03T18:38:51.343Z"
  },
  "pk": 60
},
{
  "model": "rai01ref.artefact",
  "fields": {
    "docType": 79,
    "copyFrom": null,
    "smRegStatus": null,
    "refArtefact": 57,
    "requirement": null,
    "smOwningTeam": 1,
    "smNaturalCode": "gestion-des-exceptions-gestion-des-exceptions",
    "smWflowStatus": null,
    "smModifiedBy": 1,
    "smOwningUser": 1,
    "capacity": null,
    "info": {
      "criteres-de-sortie": "",
      "intrant": "",
      "volume": "",
      "version": "",
      "mode-de-traitement": "",
      "date-revision": null,
      "critere-dentree": "",
      "responsable": "",
      "evenement-declencheur": "",
      "frequence": "",
      "type-extrant": "",
      "redacteur": "",
      "caracteristiques": "",
      "etat": "",
      "description-sommaire": ""
    },
    "smModifiedOn": "2016-11-10T14:51:00.093Z",
    "description": "Gestion des exceptions",
    "code": "Gestion des exceptions",
    "smCreatedBy": 1,
    "smUUID": "982e262b-f7cb-4310-9f5e-fdd38f2e223d",
    "smCreatedOn": "2016-11-03T18:39:47.435Z"
  },
  "pk": 61
},
{
  "model": "rai01ref.artefact",
  "fields": {
    "docType": 79,
    "copyFrom": null,
    "smRegStatus": null,
    "refArtefact": 63,
    "requirement": null,
    "smOwningTeam": 1,
    "smNaturalCode": "normes-normes",
    "smWflowStatus": null,
    "smModifiedBy": 1,
    "smOwningUser": 1,
    "capacity": null,
    "info": {
      "criteres-de-sortie": "",
      "responsable": "",
      "version": "",
      "description-sommaire": "",
      "date-revision": null,
      "intrant": "",
      "volume": "",
      "evenement-declencheur": "",
      "frequence": "",
      "type-extrant": "",
      "redacteur": "",
      "critere-dentree": "",
      "caracteristiques": "",
      "etat": "",
      "mode-de-traitement": ""
    },
    "smModifiedOn": "2016-11-03T19:13:47.518Z",
    "description": "Normes",
    "code": "Normes",
    "smCreatedBy": 1,
    "smUUID": "41a7fb75-36e2-40da-a643-64acce0474bf",
    "smCreatedOn": "2016-11-03T19:12:29.829Z"
  },
  "pk": 62
},
{
  "model": "rai01ref.artefact",
  "fields": {
    "docType": 79,
    "copyFrom": null,
    "smRegStatus": null,
    "refArtefact": 57,
    "requirement": null,
    "smOwningTeam": 1,
    "smNaturalCode": "qualitesservices-qualites-des-services",
    "smWflowStatus": null,
    "smModifiedBy": 1,
    "smOwningUser": 1,
    "capacity": null,
    "info": {
      "criteres-de-sortie": "",
      "responsable": "",
      "version": "",
      "description-sommaire": "",
      "date-revision": null,
      "intrant": "",
      "volume": "",
      "evenement-declencheur": "",
      "frequence": "",
      "type-extrant": "",
      "redacteur": "",
      "critere-dentree": "",
      "caracteristiques": "",
      "etat": "",
      "mode-de-traitement": ""
    },
    "smModifiedOn": "2016-11-03T19:13:30.251Z",
    "description": "Qualit\u00e9s des Services",
    "code": "Qualit\u00e9sServices",
    "smCreatedBy": 1,
    "smUUID": "deddd3c9-a662-4e8d-92ac-444f9f5391dd",
    "smCreatedOn": "2016-11-03T19:13:28.905Z"
  },
  "pk": 63
},
{
  "model": "rai01ref.artefact",
  "fields": {
    "docType": 79,
    "copyFrom": null,
    "smRegStatus": null,
    "refArtefact": 63,
    "requirement": null,
    "smOwningTeam": 1,
    "smNaturalCode": "assurancequalite-assurance-qualite",
    "smWflowStatus": null,
    "smModifiedBy": 1,
    "smOwningUser": 1,
    "capacity": null,
    "info": {
      "criteres-de-sortie": "",
      "responsable": "",
      "version": "",
      "description-sommaire": "",
      "date-revision": null,
      "intrant": "",
      "volume": "",
      "evenement-declencheur": "",
      "frequence": "",
      "type-extrant": "",
      "redacteur": "",
      "critere-dentree": "",
      "caracteristiques": "",
      "etat": "",
      "mode-de-traitement": ""
    },
    "smModifiedOn": "2016-11-03T19:14:30.626Z",
    "description": "Assurance Qualit\u00e9",
    "code": "AssuranceQualit\u00e9",
    "smCreatedBy": 1,
    "smUUID": "819f5d9e-5274-4324-8573-8b740f47f493",
    "smCreatedOn": "2016-11-03T19:14:29.711Z"
  },
  "pk": 64
},
{
  "model": "rai01ref.artefact",
  "fields": {
    "docType": 79,
    "copyFrom": null,
    "smRegStatus": null,
    "refArtefact": 56,
    "requirement": null,
    "smOwningTeam": 1,
    "smNaturalCode": "servicesorganisation-services-a-lorganisation",
    "smWflowStatus": null,
    "smModifiedBy": 1,
    "smOwningUser": 1,
    "capacity": null,
    "info": {
      "criteres-de-sortie": "",
      "responsable": "",
      "version": "",
      "description-sommaire": "",
      "date-revision": null,
      "intrant": "",
      "volume": "",
      "evenement-declencheur": "",
      "frequence": "",
      "type-extrant": "",
      "redacteur": "",
      "critere-dentree": "",
      "caracteristiques": "",
      "etat": "",
      "mode-de-traitement": ""
    },
    "smModifiedOn": "2016-11-03T19:21:20.377Z",
    "description": "Services \u00e0 l'organisation",
    "code": "ServicesOrganisation",
    "smCreatedBy": 1,
    "smUUID": "7133972f-1477-4ec4-bf1d-3ad1c84af594",
    "smCreatedOn": "2016-11-03T19:21:19.508Z"
  },
  "pk": 65
},
{
  "model": "rai01ref.artefact",
  "fields": {
    "docType": 79,
    "copyFrom": null,
    "smRegStatus": null,
    "refArtefact": 56,
    "requirement": null,
    "smOwningTeam": 1,
    "smNaturalCode": "evolutionprogrammes-evolution-des-programmes",
    "smWflowStatus": null,
    "smModifiedBy": 1,
    "smOwningUser": 1,
    "capacity": null,
    "info": {
      "criteres-de-sortie": "",
      "responsable": "",
      "version": "",
      "description-sommaire": "",
      "date-revision": null,
      "intrant": "",
      "volume": "",
      "evenement-declencheur": "",
      "frequence": "",
      "type-extrant": "",
      "redacteur": "",
      "critere-dentree": "",
      "caracteristiques": "",
      "etat": "",
      "mode-de-traitement": ""
    },
    "smModifiedOn": "2016-11-03T19:22:14.608Z",
    "description": "Evolution des Programmes",
    "code": "EvolutionProgrammes",
    "smCreatedBy": 1,
    "smUUID": "2dbd9a02-c40e-494a-aacc-2b95f0db3834",
    "smCreatedOn": "2016-11-03T19:22:14.608Z"
  },
  "pk": 66
},
{
  "model": "rai01ref.artefact",
  "fields": {
    "docType": 79,
    "copyFrom": null,
    "smRegStatus": null,
    "refArtefact": 56,
    "requirement": null,
    "smOwningTeam": 1,
    "smNaturalCode": "offreservice-offre-de-service",
    "smWflowStatus": null,
    "smModifiedBy": 1,
    "smOwningUser": 1,
    "capacity": null,
    "info": {
      "criteres-de-sortie": "",
      "responsable": "",
      "version": "",
      "description-sommaire": "",
      "date-revision": null,
      "intrant": "",
      "volume": "",
      "evenement-declencheur": "",
      "frequence": "",
      "type-extrant": "",
      "redacteur": "",
      "critere-dentree": "",
      "caracteristiques": "",
      "etat": "",
      "mode-de-traitement": ""
    },
    "smModifiedOn": "2016-11-03T19:40:43.988Z",
    "description": "Offre de service",
    "code": "OffreService",
    "smCreatedBy": 1,
    "smUUID": "f99b34c5-56ce-44d7-b533-99d015f091a2",
    "smCreatedOn": "2016-11-03T19:24:39.086Z"
  },
  "pk": 67
},
{
  "model": "rai01ref.artefact",
  "fields": {
    "docType": 79,
    "copyFrom": null,
    "smRegStatus": null,
    "refArtefact": 56,
    "requirement": null,
    "smOwningTeam": 1,
    "smNaturalCode": "communicationgrandpublic-communication-grand-public",
    "smWflowStatus": null,
    "smModifiedBy": 1,
    "smOwningUser": 1,
    "capacity": null,
    "info": {
      "criteres-de-sortie": "",
      "responsable": "",
      "version": "",
      "description-sommaire": "",
      "date-revision": null,
      "intrant": "",
      "volume": "",
      "evenement-declencheur": "",
      "frequence": "",
      "type-extrant": "",
      "redacteur": "",
      "critere-dentree": "",
      "caracteristiques": "",
      "etat": "",
      "mode-de-traitement": ""
    },
    "smModifiedOn": "2016-11-03T19:40:23.539Z",
    "description": "Communication Grand Public",
    "code": "CommunicationGrandPublic",
    "smCreatedBy": 1,
    "smUUID": "36c60e71-f16a-43c2-a89c-384a3b24aa27",
    "smCreatedOn": "2016-11-03T19:40:22.703Z"
  },
  "pk": 68
},
{
  "model": "rai01ref.artefact",
  "fields": {
    "docType": 79,
    "copyFrom": null,
    "smRegStatus": null,
    "refArtefact": 56,
    "requirement": null,
    "smOwningTeam": 1,
    "smNaturalCode": "servicesclientele-services-a-la-clientele",
    "smWflowStatus": null,
    "smModifiedBy": 1,
    "smOwningUser": 1,
    "capacity": null,
    "info": {
      "criteres-de-sortie": "",
      "responsable": "",
      "version": "",
      "description-sommaire": "",
      "date-revision": null,
      "intrant": "",
      "volume": "",
      "evenement-declencheur": "",
      "frequence": "",
      "type-extrant": "",
      "redacteur": "",
      "critere-dentree": "",
      "caracteristiques": "",
      "etat": "",
      "mode-de-traitement": ""
    },
    "smModifiedOn": "2016-11-03T19:41:38.252Z",
    "description": "Services \u00e0 la client\u00e8le",
    "code": "ServicesClient\u00e8le",
    "smCreatedBy": 1,
    "smUUID": "66c123a8-8e18-43d8-ac39-7c2318d0d983",
    "smCreatedOn": "2016-11-03T19:41:36.696Z"
  },
  "pk": 69
},
{
  "model": "rai01ref.artefact",
  "fields": {
    "docType": 79,
    "copyFrom": null,
    "smRegStatus": null,
    "refArtefact": 69,
    "requirement": null,
    "smOwningTeam": 1,
    "smNaturalCode": "identificationclientele-identification-de-la-clientele",
    "smWflowStatus": null,
    "smModifiedBy": 1,
    "smOwningUser": 1,
    "capacity": null,
    "info": {
      "criteres-de-sortie": "",
      "responsable": "",
      "version": "",
      "description-sommaire": "",
      "date-revision": null,
      "intrant": "",
      "volume": "",
      "evenement-declencheur": "",
      "frequence": "",
      "type-extrant": "",
      "redacteur": "",
      "critere-dentree": "",
      "caracteristiques": "",
      "etat": "",
      "mode-de-traitement": ""
    },
    "smModifiedOn": "2016-11-03T19:42:41.704Z",
    "description": "Identification de la client\u00e8le",
    "code": "IdentificationClient\u00e8le",
    "smCreatedBy": 1,
    "smUUID": "42727d08-9e1c-49f4-a15b-73f1358d1e46",
    "smCreatedOn": "2016-11-03T19:42:40.917Z"
  },
  "pk": 70
},
{
  "model": "rai01ref.artefact",
  "fields": {
    "docType": 79,
    "copyFrom": null,
    "smRegStatus": null,
    "refArtefact": 69,
    "requirement": null,
    "smOwningTeam": 1,
    "smNaturalCode": "communicationsclients-communications-clients",
    "smWflowStatus": null,
    "smModifiedBy": 1,
    "smOwningUser": 1,
    "capacity": null,
    "info": {
      "criteres-de-sortie": "",
      "responsable": "",
      "version": "",
      "description-sommaire": "",
      "date-revision": null,
      "intrant": "",
      "volume": "",
      "evenement-declencheur": "",
      "frequence": "",
      "type-extrant": "",
      "redacteur": "",
      "critere-dentree": "",
      "caracteristiques": "",
      "etat": "",
      "mode-de-traitement": ""
    },
    "smModifiedOn": "2016-11-03T19:43:15.995Z",
    "description": "Communications clients",
    "code": "CommunicationsClients",
    "smCreatedBy": 1,
    "smUUID": "fd53a42d-8070-4a50-b196-4f5f11b05c23",
    "smCreatedOn": "2016-11-03T19:43:15.252Z"
  },
  "pk": 71
},
{
  "model": "rai01ref.artefact",
  "fields": {
    "docType": 79,
    "copyFrom": null,
    "smRegStatus": null,
    "refArtefact": 69,
    "requirement": null,
    "smOwningTeam": 1,
    "smNaturalCode": "regimerentes-regime-de-rentes",
    "smWflowStatus": null,
    "smModifiedBy": 1,
    "smOwningUser": 1,
    "capacity": null,
    "info": {
      "criteres-de-sortie": "",
      "responsable": "",
      "version": "",
      "description-sommaire": "",
      "date-revision": null,
      "intrant": "",
      "volume": "",
      "evenement-declencheur": "",
      "frequence": "",
      "type-extrant": "",
      "redacteur": "",
      "critere-dentree": "",
      "caracteristiques": "",
      "etat": "",
      "mode-de-traitement": ""
    },
    "smModifiedOn": "2016-11-03T19:43:55.301Z",
    "description": "R\u00e9gime de rentes",
    "code": "R\u00e9gimeRentes",
    "smCreatedBy": 1,
    "smUUID": "5044e633-90c9-4ff5-86f0-1981dbf9fccd",
    "smCreatedOn": "2016-11-03T19:43:54.481Z"
  },
  "pk": 72
},
{
  "model": "rai01ref.artefact",
  "fields": {
    "docType": 79,
    "copyFrom": null,
    "smRegStatus": null,
    "refArtefact": 69,
    "requirement": null,
    "smOwningTeam": 1,
    "smNaturalCode": "recoursclient-recours-client",
    "smWflowStatus": null,
    "smModifiedBy": 1,
    "smOwningUser": 1,
    "capacity": null,
    "info": {
      "criteres-de-sortie": "",
      "responsable": "",
      "version": "",
      "description-sommaire": "",
      "date-revision": null,
      "intrant": "",
      "volume": "",
      "evenement-declencheur": "",
      "frequence": "",
      "type-extrant": "",
      "redacteur": "",
      "critere-dentree": "",
      "caracteristiques": "",
      "etat": "",
      "mode-de-traitement": ""
    },
    "smModifiedOn": "2016-11-03T19:44:26.165Z",
    "description": "Recours client",
    "code": "RecoursClient",
    "smCreatedBy": 1,
    "smUUID": "f8b58107-6771-49d9-a5a2-20d0b349924f",
    "smCreatedOn": "2016-11-03T19:44:23.826Z"
  },
  "pk": 73
},
{
  "model": "rai01ref.artefact",
  "fields": {
    "docType": 79,
    "copyFrom": null,
    "smRegStatus": null,
    "refArtefact": 72,
    "requirement": null,
    "smOwningTeam": 1,
    "smNaturalCode": "registrecotisants-registre-des-cotisants",
    "smWflowStatus": null,
    "smModifiedBy": 1,
    "smOwningUser": 1,
    "capacity": null,
    "info": {
      "criteres-de-sortie": "",
      "responsable": "",
      "version": "",
      "description-sommaire": "",
      "date-revision": null,
      "intrant": "",
      "volume": "",
      "evenement-declencheur": "",
      "frequence": "",
      "type-extrant": "",
      "redacteur": "",
      "critere-dentree": "",
      "caracteristiques": "",
      "etat": "",
      "mode-de-traitement": ""
    },
    "smModifiedOn": "2016-11-03T19:45:38.320Z",
    "description": "Registre des cotisants",
    "code": "RegistreCotisants",
    "smCreatedBy": 1,
    "smUUID": "eaa292d7-8eb5-4eec-86ac-4cbad9972a16",
    "smCreatedOn": "2016-11-03T19:45:37.300Z"
  },
  "pk": 74
},
{
  "model": "rai01ref.artefact",
  "fields": {
    "docType": 79,
    "copyFrom": null,
    "smRegStatus": null,
    "refArtefact": 72,
    "requirement": null,
    "smOwningTeam": 1,
    "smNaturalCode": "prestations-prestations",
    "smWflowStatus": null,
    "smModifiedBy": 1,
    "smOwningUser": 1,
    "capacity": null,
    "info": {
      "criteres-de-sortie": "",
      "responsable": "",
      "version": "",
      "description-sommaire": "",
      "date-revision": null,
      "intrant": "",
      "volume": "",
      "evenement-declencheur": "",
      "frequence": "",
      "type-extrant": "",
      "redacteur": "",
      "critere-dentree": "",
      "caracteristiques": "",
      "etat": "",
      "mode-de-traitement": ""
    },
    "smModifiedOn": "2016-11-03T19:46:02.508Z",
    "description": "Prestations",
    "code": "Prestations",
    "smCreatedBy": 1,
    "smUUID": "199ac9bd-edce-4d6e-9a8e-7e35adf4d1d5",
    "smCreatedOn": "2016-11-03T19:46:01.570Z"
  },
  "pk": 75
},
{
  "model": "rai01ref.artefact",
  "fields": {
    "docType": 79,
    "copyFrom": null,
    "smRegStatus": null,
    "refArtefact": 72,
    "requirement": null,
    "smOwningTeam": 1,
    "smNaturalCode": "ententesinternationales-ententes-internationales",
    "smWflowStatus": null,
    "smModifiedBy": 1,
    "smOwningUser": 1,
    "capacity": null,
    "info": {
      "criteres-de-sortie": "",
      "responsable": "",
      "version": "",
      "description-sommaire": "",
      "date-revision": null,
      "intrant": "",
      "volume": "",
      "evenement-declencheur": "",
      "frequence": "",
      "type-extrant": "",
      "redacteur": "",
      "critere-dentree": "",
      "caracteristiques": "",
      "etat": "",
      "mode-de-traitement": ""
    },
    "smModifiedOn": "2016-11-03T19:46:40.170Z",
    "description": "Ententes internationales",
    "code": "EntentesInternationales",
    "smCreatedBy": 1,
    "smUUID": "abb5be96-c35e-4dad-a638-07ee882a82b9",
    "smCreatedOn": "2016-11-03T19:46:39.163Z"
  },
  "pk": 76
},
{
  "model": "rai01ref.artefact",
  "fields": {
    "docType": 79,
    "copyFrom": null,
    "smRegStatus": null,
    "refArtefact": 72,
    "requirement": null,
    "smOwningTeam": 1,
    "smNaturalCode": "soutienenfants-soutien-aux-enfants",
    "smWflowStatus": null,
    "smModifiedBy": 1,
    "smOwningUser": 1,
    "capacity": null,
    "info": {
      "criteres-de-sortie": "",
      "responsable": "",
      "version": "",
      "description-sommaire": "",
      "date-revision": null,
      "intrant": "",
      "volume": "",
      "evenement-declencheur": "",
      "frequence": "",
      "type-extrant": "",
      "redacteur": "",
      "critere-dentree": "",
      "caracteristiques": "",
      "etat": "",
      "mode-de-traitement": ""
    },
    "smModifiedOn": "2016-11-03T19:47:17.151Z",
    "description": "Soutien aux enfants",
    "code": "SoutienEnfants",
    "smCreatedBy": 1,
    "smUUID": "58453a81-a48b-4fad-bc6e-42aeddea12a9",
    "smCreatedOn": "2016-11-03T19:47:16.292Z"
  },
  "pk": 77
},
{
  "model": "rai01ref.artefact",
  "fields": {
    "docType": 79,
    "copyFrom": null,
    "smRegStatus": null,
    "refArtefact": 72,
    "requirement": null,
    "smOwningTeam": 1,
    "smNaturalCode": "rcr_rver-rcr-et-rver",
    "smWflowStatus": null,
    "smModifiedBy": 1,
    "smOwningUser": 1,
    "capacity": null,
    "info": {
      "criteres-de-sortie": "",
      "responsable": "",
      "version": "",
      "description-sommaire": "",
      "date-revision": null,
      "intrant": "",
      "volume": "",
      "evenement-declencheur": "",
      "frequence": "",
      "type-extrant": "",
      "redacteur": "",
      "critere-dentree": "",
      "caracteristiques": "",
      "etat": "",
      "mode-de-traitement": ""
    },
    "smModifiedOn": "2016-11-03T19:47:49.044Z",
    "description": "RCR et RVER",
    "code": "RCR_RVER",
    "smCreatedBy": 1,
    "smUUID": "5e85963b-18b4-4cf0-8704-a7bb88ce8d3d",
    "smCreatedOn": "2016-11-03T19:47:48.303Z"
  },
  "pk": 78
},
{
  "model": "rai01ref.artefact",
  "fields": {
    "docType": 79,
    "copyFrom": null,
    "smRegStatus": null,
    "refArtefact": 56,
    "requirement": null,
    "smOwningTeam": 1,
    "smNaturalCode": "gestionpartenariats-gestion-des-partenariats",
    "smWflowStatus": null,
    "smModifiedBy": 1,
    "smOwningUser": 1,
    "capacity": null,
    "info": {
      "criteres-de-sortie": "",
      "responsable": "",
      "version": "",
      "mode-de-traitement": "",
      "date-revision": null,
      "intrant": "",
      "volume": "",
      "evenement-declencheur": "",
      "frequence": "",
      "type-extrant": "",
      "redacteur": "",
      "critere-dentree": "",
      "caracteristiques": "",
      "etat": "",
      "description-sommaire": ""
    },
    "smModifiedOn": "2016-11-03T19:59:46.988Z",
    "description": "Gestion des partenariats",
    "code": "GestionPartenariats",
    "smCreatedBy": 1,
    "smUUID": "5d76c053-56c0-485d-8876-59f71c287e98",
    "smCreatedOn": "2016-11-03T19:59:46.988Z"
  },
  "pk": 79
},
{
  "model": "rai01ref.artefact",
  "fields": {
    "docType": 79,
    "copyFrom": null,
    "smRegStatus": null,
    "refArtefact": 79,
    "requirement": null,
    "smOwningTeam": 1,
    "smNaturalCode": "evolutionechanges-evolution-des-echanges",
    "smWflowStatus": null,
    "smModifiedBy": 1,
    "smOwningUser": 1,
    "capacity": null,
    "info": {
      "criteres-de-sortie": "",
      "responsable": "",
      "version": "",
      "description-sommaire": "",
      "date-revision": null,
      "intrant": "",
      "volume": "",
      "evenement-declencheur": "",
      "frequence": "",
      "type-extrant": "",
      "redacteur": "",
      "critere-dentree": "",
      "caracteristiques": "",
      "etat": "",
      "mode-de-traitement": ""
    },
    "smModifiedOn": "2016-11-03T20:01:07.668Z",
    "description": "\u00c9volution des \u00e9changes",
    "code": "\u00c9volution\u00c9changes",
    "smCreatedBy": 1,
    "smUUID": "28c72b4f-56a2-427c-aaa3-a6086e5b1550",
    "smCreatedOn": "2016-11-03T20:01:06.697Z"
  },
  "pk": 80
},
{
  "model": "rai01ref.artefact",
  "fields": {
    "docType": 79,
    "copyFrom": null,
    "smRegStatus": null,
    "refArtefact": 79,
    "requirement": null,
    "smOwningTeam": 1,
    "smNaturalCode": "suiviechanges-suivi-des-echanges",
    "smWflowStatus": null,
    "smModifiedBy": 1,
    "smOwningUser": 1,
    "capacity": null,
    "info": {
      "criteres-de-sortie": "",
      "responsable": "",
      "version": "",
      "description-sommaire": "",
      "date-revision": null,
      "intrant": "",
      "volume": "",
      "evenement-declencheur": "",
      "frequence": "",
      "type-extrant": "",
      "redacteur": "",
      "critere-dentree": "",
      "caracteristiques": "",
      "etat": "",
      "mode-de-traitement": ""
    },
    "smModifiedOn": "2016-11-03T20:01:41.304Z",
    "description": "Suivi des \u00e9changes",
    "code": "Suivi\u00c9changes",
    "smCreatedBy": 1,
    "smUUID": "f004e353-fad4-451b-bb51-a7f3fc9ededd",
    "smCreatedOn": "2016-11-03T20:01:40.569Z"
  },
  "pk": 81
},
{
  "model": "rai01ref.artefact",
  "fields": {
    "docType": 79,
    "copyFrom": null,
    "smRegStatus": null,
    "refArtefact": 67,
    "requirement": null,
    "smOwningTeam": 1,
    "smNaturalCode": "connaissanceclientele-connaissance-et-comprehension-de-la-clientele",
    "smWflowStatus": null,
    "smModifiedBy": 1,
    "smOwningUser": 1,
    "capacity": null,
    "info": {
      "criteres-de-sortie": "",
      "responsable": "",
      "version": "",
      "description-sommaire": "",
      "date-revision": null,
      "intrant": "",
      "volume": "",
      "evenement-declencheur": "",
      "frequence": "",
      "type-extrant": "",
      "redacteur": "",
      "critere-dentree": "",
      "caracteristiques": "",
      "etat": "",
      "mode-de-traitement": ""
    },
    "smModifiedOn": "2016-11-03T20:02:59.505Z",
    "description": "Connaissance et compr\u00e9hension de la client\u00e8le",
    "code": "ConnaissanceClient\u00e8le",
    "smCreatedBy": 1,
    "smUUID": "5997f188-66b4-40c9-b4e2-7c8055d78102",
    "smCreatedOn": "2016-11-03T20:02:58.637Z"
  },
  "pk": 82
},
{
  "model": "rai01ref.artefact",
  "fields": {
    "docType": 79,
    "copyFrom": null,
    "smRegStatus": null,
    "refArtefact": 67,
    "requirement": null,
    "smOwningTeam": 1,
    "smNaturalCode": "evolutionclientele-evolution-des-services-a-la-clientele",
    "smWflowStatus": null,
    "smModifiedBy": 1,
    "smOwningUser": 1,
    "capacity": null,
    "info": {
      "criteres-de-sortie": "",
      "responsable": "",
      "version": "",
      "mode-de-traitement": "",
      "date-revision": null,
      "intrant": "",
      "volume": "",
      "evenement-declencheur": "",
      "frequence": "",
      "type-extrant": "",
      "redacteur": "",
      "critere-dentree": "",
      "caracteristiques": "",
      "etat": "",
      "description-sommaire": ""
    },
    "smModifiedOn": "2016-11-03T20:07:08.554Z",
    "description": "\u00c9volution des services \u00e0 la client\u00e8le",
    "code": "\u00c9volutionClient\u00e8le",
    "smCreatedBy": 1,
    "smUUID": "7eeb7fb6-c54b-4ca3-b1d5-eeed6ea9c655",
    "smCreatedOn": "2016-11-03T20:03:48.942Z"
  },
  "pk": 83
},
{
  "model": "rai01ref.artefact",
  "fields": {
    "docType": 79,
    "copyFrom": null,
    "smRegStatus": null,
    "refArtefact": 67,
    "requirement": null,
    "smOwningTeam": 1,
    "smNaturalCode": "evolutiondeclaration-evolution-de-la-declaration-de-service-aux-citoyens",
    "smWflowStatus": null,
    "smModifiedBy": 1,
    "smOwningUser": 1,
    "capacity": null,
    "info": {
      "criteres-de-sortie": "",
      "responsable": "",
      "version": "",
      "description-sommaire": "",
      "date-revision": null,
      "intrant": "",
      "volume": "",
      "evenement-declencheur": "",
      "frequence": "",
      "type-extrant": "",
      "redacteur": "",
      "critere-dentree": "",
      "caracteristiques": "",
      "etat": "",
      "mode-de-traitement": ""
    },
    "smModifiedOn": "2016-11-03T20:04:37.072Z",
    "description": "\u00c9volution de la d\u00e9claration de service aux citoyens",
    "code": "\u00c9volutionD\u00e9claration",
    "smCreatedBy": 1,
    "smUUID": "ab060340-20f7-4b63-b21c-94fd69b5b9a5",
    "smCreatedOn": "2016-11-03T20:04:36.358Z"
  },
  "pk": 84
},
{
  "model": "rai01ref.artefact",
  "fields": {
    "docType": 73,
    "copyFrom": null,
    "smRegStatus": null,
    "refArtefact": null,
    "requirement": null,
    "smOwningTeam": 1,
    "smNaturalCode": "test-test-l",
    "smWflowStatus": null,
    "smModifiedBy": 1,
    "smOwningUser": 1,
    "capacity": null,
    "info": {
      "criteres-de-sortie": "",
      "intrant": "",
      "volume": "",
      "version": "",
      "mode-de-traitement": "",
      "date-revision": null,
      "critere-dentree": "",
      "responsable": "",
      "evenement-declencheur": "",
      "frequence": "",
      "type-extrant": "",
      "redacteur": "",
      "caracteristiques": "",
      "etat": "",
      "description-sommaire": ""
    },
    "smModifiedOn": "2016-11-10T15:02:46.331Z",
    "description": "test l",
    "code": "test",
    "smCreatedBy": 1,
    "smUUID": "808e592a-8d41-4240-8960-64f7fe2e1702",
    "smCreatedOn": "2016-11-10T15:02:46.331Z"
  },
  "pk": 85
},
{
  "model": "rai01ref.artefact",
  "fields": {
    "docType": 73,
    "copyFrom": null,
    "smRegStatus": null,
    "refArtefact": null,
    "requirement": null,
    "smOwningTeam": 1,
    "smNaturalCode": "autr-test-autr-test",
    "smWflowStatus": null,
    "smModifiedBy": 1,
    "smOwningUser": 1,
    "capacity": null,
    "info": {
      "criteres-de-sortie": "",
      "intrant": "",
      "volume": "",
      "version": "",
      "mode-de-traitement": "",
      "date-revision": null,
      "critere-dentree": "",
      "responsable": "",
      "evenement-declencheur": "",
      "frequence": "",
      "type-extrant": "",
      "redacteur": "",
      "caracteristiques": "",
      "etat": "",
      "description-sommaire": ""
    },
    "smModifiedOn": "2016-11-10T15:36:31.199Z",
    "description": "autr test",
    "code": "autr test",
    "smCreatedBy": 1,
    "smUUID": "f6cfe666-f012-4bac-a2c6-5990074cfe50",
    "smCreatedOn": "2016-11-10T15:36:31.199Z"
  },
  "pk": 86
},
{
  "model": "rai01ref.artefactcapacity",
  "fields": {
    "artefact": 54,
    "smRegStatus": null,
    "smOwningTeam": 1,
    "smNaturalCode": "directiondelaregie-direction-de-la-regie-ca-ca",
    "smWflowStatus": null,
    "smModifiedBy": 1,
    "smOwningUser": 1,
    "isMain": false,
    "capacity": 62,
    "smModifiedOn": "2016-11-03T15:41:29.196Z",
    "description": "",
    "smCreatedBy": 1,
    "smUUID": "8b31a795-9c8f-4726-ac20-def374b4e682",
    "smCreatedOn": "2016-11-03T15:41:29.196Z",
    "notes": ""
  },
  "pk": 1
},
{
  "model": "rai01ref.artefactcapacity",
  "fields": {
    "artefact": 54,
    "smRegStatus": null,
    "smOwningTeam": 1,
    "smNaturalCode": "directiondelaregie-direction-de-la-regie-codir-codir",
    "smWflowStatus": null,
    "smModifiedBy": 1,
    "smOwningUser": 1,
    "isMain": false,
    "capacity": 63,
    "smModifiedOn": "2016-11-03T15:42:25.837Z",
    "description": "",
    "smCreatedBy": 1,
    "smUUID": "3932436b-b00c-47e6-aa08-8e21667f5fe2",
    "smCreatedOn": "2016-11-03T15:42:25.837Z",
    "notes": ""
  },
  "pk": 2
},
{
  "model": "rai01ref.source",
  "fields": {
    "code": "Code 27",
    "reference": "p251u cl0201",
    "smOwningTeam": 1,
    "smNaturalCode": "code-27",
    "smWflowStatus": null,
    "smModifiedBy": 1,
    "smOwningUser": 1,
    "smRegStatus": null,
    "smModifiedOn": "2016-11-01T19:48:52.244Z",
    "description": "Processus : fournir unformation t\u00e9l\u00e9phonique",
    "smCreatedBy": 1,
    "smUUID": "6c3b9e78-de9e-4893-98d6-3ae785c0d028",
    "smCreatedOn": "2016-11-01T19:47:52.902Z",
    "notes": ""
  },
  "pk": 8
}
]
